doc_date,source,wheel,tp_num,rec_num,sample_id,osg_num,fm_u,fm_corr,ext_err,int_err,doc_co2_yield,doc_co2_recombust,total_umols_co2,ug_C_recomb,doc_num,wheel_id,blank_sdev,blank_ave,blank_err,num,error_multiplier,comments,c1blank_fm,c1blank_fmerr,blank_fm,blank_fm_err,umols_samp,t_umols,doc_rx_samp_dil,doc_rx_empty,doc_rx_samp,doc_dil_factor,doc_delta_c13,doc_comments,mg_dissolved,exp_mg_C,yield,flag
12/15/2007 00:00:00,ams_results,A570,100419,34148,Oxalic Acid I granules (SRM 4990 B HOxI),68183,1.031250221433117,1.0312380371013,0.00424834249120606,0.00386827623253143,200.3073272705078,,200,,2,A570,3.01884543787485E-16,1.7575E-15,1.73924966061678E-17,10,,,,,,,,,1250,250,1250,1,-19.47,,,0.2381875,101.01,
12/16/2007 00:00:00,ams_results,A570,100420,34148,Oxalic Acid I granules (SRM 4990 B HOxI),68184,1.02893703319629,1.02892155232845,0.00351353883511221,0.00339647519938299,180.2800140380859,,180,,3,A570,3.01884543787485E-16,1.7575E-15,1.73924966061678E-17,10,,,,,,,,,,250,1250,,-19.44,,,0.2191325,98.81,
5/9/2008 00:00:00,ams_results,H390,105698,34149,Oxalic Acid II granules (SRM 4990 C HOxI,71951,1.283045192013468,1.28338604341511,0.0037450852189408,0.0043807846763903,52.45487594604492,,49.25,,42,H390,3.65128187636333E-16,1.72814285714286E-15,1.94355826979804E-17,14,,,,,,,,,1250,250,1250,1,-18,1/8 SS trap,,0.061604815,102.27,
5/12/2008 00:00:00,ams_results,H390,105699,34149,Oxalic Acid II granules (SRM 4990 C HOxI,71952,1.294914683670114,1.29527216739585,0.00451438330707732,0.00412551362048401,53.48564147949219,,50.02000045776367,,43,H390,3.65128187636333E-16,1.72814285714286E-15,1.94355826979804E-17,14,,,,,,,,,1250,250,1250,1,-17.84,,,0.064615505,99.42,
5/14/2008 00:00:00,ams_results,H390,105700,64052,KHP DOC blank,71953,0.01846572041793651,0.0170345586430267,0.000314178499732047,0.000418483003530676,50.40152740478516,,47.20999908447266,,44,H390,3.65128187636333E-16,1.72814285714286E-15,1.94355826979804E-17,14,,,,,,,,,1250,250,1250,1,-26.2,,,0.05895365,102.69,
5/15/2008 00:00:00,ams_results,H390,105701,64052,KHP DOC blank,71954,0.009826669484126163,0.00838340209432107,0.000289924801183504,0.000309003331591369,54.29277801513672,,50.70999908447266,,45,H390,3.65128187636333E-16,1.72814285714286E-15,1.94355826979804E-17,14,,,,,,,,,1250,250,1250,1,-25.72,UV treated water,,0.06676395,97.67,
8/30/2008 13:05:37:53,ams_results,B576,110128,64052,KHP DOC blank,74791,0.01325205438467647,0.0110550003784918,0.000332499327578716,0.000361957429506441,44.99945831298828,,45,,78,B576,3.31685804229353E-16,2.63754545454545E-15,2.75415365823857E-17,11,,,,,,,,,,,,,,,,0.05518965,97.93,
9/2/2008 13:09:23:843,ams_results,B576,110127,34149,Oxalic Acid II granules (SRM 4990 C HOxI,74792,1.322959711624509,1.3235657399951,0.00327005699692356,0.00467884727640395,45.30382919311523,,45.3,,79,B576,3.31685804229353E-16,2.63754545454545E-15,2.75415365823857E-17,11,,,,,,,,,,,,,-17.71,,,0.05430675,100.2,
9/4/2008 13:14:50:313,ams_results,B576,110132,64052,KHP DOC blank,74794,0.005840260197429225,0.00362734320872955,0.000180290982102082,0.000218476977039272,58.7177848815918,,58.7,,81,B576,3.31685804229353E-16,2.63754545454545E-15,2.75415365823857E-17,11,,,,,,,,,,,,,-26.8,,,0.0784794,89.87,
9/5/2008 13:17:38:53,ams_results,B576,110133,63052,Fulvic Acid DOC std,74795,1.185052861672242,1.18536373695382,0.00377330720149969,0.00390118521951571,47.7020263671875,,47.7,,82,B576,3.31685804229353E-16,2.63754545454545E-15,2.75415365823857E-17,11,,,,,,,,,,,,,-27.61,,,0.0645012,88.83,
9/5/2008 13:17:38:53,ams_results,H408,109113,63052,Fulvic Acid DOC std,74356,1.196709470303971,1.19703934189175,0.00253706348559195,0.00571843110713318,47.7020263671875,,71.09999847412109,,82,H408,2.97001851846079E-16,2.5909E-15,2.74182885418913E-17,10,,,,,,,,,,,,,-27.61,,,0.0645012,88.83,
9/9/2008 13:20:14:077,ams_results,B576,110134,63052,Fulvic Acid DOC std,74796,1.187403025791054,1.18771893097651,0.00316806615880254,0.00372333346025675,47.03762435913086,,47,,83,B576,3.31685804229353E-16,2.63754545454545E-15,2.75415365823857E-17,11,,,,,,,,,,,,,-27.62,,,0.0639768,88.31,
9/10/2008 13:22:56:517,ams_results,B575,109953,64052,KHP DOC blank,74797,0.005256235736965178,0.00315026991891178,0.000375433561716516,0.000222240162930724,80.45884704589844,,80.46,,84,B575,3.17733867577979E-16,2.50891666666667E-15,2.53423607847733E-17,12,,,,,,,,,,,,,-27.75,,,0.124212,77.8,
12/4/2008 14:06:14,ams_results,H424,113711,64052,KHP DOC blank,77033,0.02118256825125031,0.018774074441897,0.000885708421976948,0.000679039196333846,38.97549438476563,,38975.49438476563,,106,H424,7.93013930864682E-16,2.91323636363636E-15,4.03308988054056E-17,11,,,,,,,,,1380,524.23,1380,1,-26.01099967956543,"New reactor, SN (short neck) 524.23g  pre-UV 3 hr",,0.04992005,93.78,
12/8/2008 14:15:45:33,ams_results,H424,113712,64052,KHP DOC blank,77034,0.02038304187708718,0.0179726576088996,0.000728327836941298,0.0005584114702560171,42.47234344482422,,42472.34344482422,,107,H424,7.93013930864682E-16,2.91323636363636E-15,4.03308988054056E-17,11,,,,,,,,,1380,524.23,1380,1,-25.94799995422363,"SN, pre-UV 3 hr",,0.0540134,94.45,
12/11/2008 14:29:02:03,ams_results,H424,113709,34149,Oxalic Acid II granules (SRM 4990 C HOxI,77036,1.300581108213721,1.30119771820404,0.00334066987510563,0.00504963290059555,58.08954238891602,,58089.54238891602,,110,H424,7.93013930864682E-16,2.91323636363636E-15,4.03308988054056E-17,11,,,,,,,,,1380,524.23,1380,1,-17.9689998626709,SN pre-uv 3 hr,,0.0697413,100.04,
12/12/2008 14:26:20:11,ams_results,H424,113710,34149,Oxalic Acid II granules (SRM 4990 C HOxI,77035,1.240816128991174,1.24129142627862,0.00511040738210214,0.00435657825386875,49.65185546875,,49651.85546875,,109,H424,7.93013930864682E-16,2.91323636363636E-15,4.03308988054056E-17,11,,,,,,,,,1380,524.23,1380,1,-18.32799911499023,SN pre-uv 3 hr,,0.0598327,99.67,
3/24/2009 13:57:21:92,ams_results,A637,115519,52092,OXII crystals (OXII05),79219,1.312609428624598,1.31307150086077,0.00323553717939736,0.00398668026097112,77.49959564208984,,77499.59564208984,,119,A637,4.81202116862267E-16,2.08825E-15,2.30835660936655E-17,12,,,,,,,,,1380,524.23,1380,1,-17.81500053405762,,,0.09813325,94.86,
4/1/2009 11:23:20:147,ams_results,A637,115523,64052,KHP DOC blank,79224,0.03133864631470848,0.0296305602154128,0.0008075804910527131,0.000577992028875048,70.87451171875,,70874.51171875,,125,A637,4.81202116862267E-16,2.08825E-15,2.30835660936655E-17,12,,,,,,,,,1380,524.23,1380,1,-27.72299957275391,,,0.1121672,75.89,1
4/22/2009 11:36:50:037,ams_results,A640,116176,64052,KHP DOC blank,79771,0.03152155729061723,0.0294291189861311,0.000404708800904945,0.000586809830457188,46.94244766235352,,46942.44766235352,,133,A640,2.8779655061424E-16,2.55763636363636E-15,2.7614128749406E-17,11,,,,,,,,,1380,524.23,1380,1,-25.99099922180176,,,0.06121205,92.11,
5/29/2009 10:48:02:94,ams_results,B605,117548,52092,OXII crystals (OXII05),81050,1.306671644375781,1.30708013932556,0.00323730426910493,0.004969580557472,117.593994140625,,117593.994140625,,134,B605,8.44533958549245E-16,1.8875E-15,2.87729528069357E-17,15,,,,,,,,,,,,,-17.93099975585938,,,0.14173109,99.66,
6/8/2009 10:50:52:543,ams_results,B605,117549,52092,OXII crystals (OXII05),81051,1.316690902013942,1.31711473323579,0.00210342119930094,0.00456971508803811,126.3526153564453,,126352.6153564453,,135,B605,8.44533958549245E-16,1.8875E-15,2.87729528069357E-17,15,,,,,,,,,1349.49,524.23,1349.49,1,-18.0620002746582,no pre-UV,,0.15419306,98.42,
6/9/2009 10:56:52:777,ams_results,B605,117550,64052,KHP DOC blank,81052,0.02504211198710732,0.0234888429109895,0.00068297166604076,0.000580099489185997,99.64546966552734,,99645.46966552734,,136,B605,8.44533958549245E-16,1.8875E-15,2.87729528069357E-17,15,,,,,,,,,1292.17,524.23,1292.17,1,-28.97900009155273,,,0.175967,68.02,1
6/10/2009 11:01:19:99,ams_results,B605,117551,52092,OXII crystals (OXII05),81053,1.305064335043354,1.30547036971772,0.00182202188760504,0.00539334115133137,144.3843078613281,,144384.3078613281,,137,B605,8.44533958549245E-16,1.8875E-15,2.87729528069357E-17,15,,,,,,,,,1344.3,524.23,1344.3,1,-17.90399932861328,,,0.17816425,97.34,
6/12/2009 11:09:26:163,ams_results,B605,117553,64052,KHP DOC blank,81054,0.01896304990840245,0.0174004757367045,0.000678624486554178,0.0005069915873374071,112.1777877807617,,112177.7877807617,,138,B605,8.44533958549245E-16,1.8875E-15,2.87729528069357E-17,15,,,,,,,,,1366.16,524.23,1366.16,1,-28.63699913024902,,,0.221135,60.93,1
6/30/2009 10:03:10:117,ams_results,H448,118419,52092,OXII crystals (OXII05),81535,1.316848880091296,1.3172493746129,0.00683036648416847,0.00367652700372119,91.48969268798828,,91489.69268798828,,143,H448,8.90097279546709E-16,1.78270625E-15,4.16393646935113E-17,32,,,,,,,,,1355,524.23,1355,1,-17.92399978637695,,,0.1128056,97.41,
7/2/2009 10:12:23:54,ams_results,H448,118387,52092,OXII crystals (OXII05),81536,1.304441653552534,1.30482421251614,0.00328881611666149,0.00308408273751024,70.28755187988281,,70287.55187988281,,145,H448,8.90097279546709E-16,1.78270625E-15,4.16393646935113E-17,32,,,,,,,,,1350,524.23,1350,1,-18.03700065612793,,,0.117625,71.77,1
7/7/2009 10:16:03:5,ams_results,H448,118418,64052,KHP DOC blank,81537,0.02663053351671028,0.0251659225763977,0.000379358078681251,0.000414309529196275,128.0993957519531,,128099.3957519531,,146,H448,8.90097279546709E-16,1.78270625E-15,4.16393646935113E-17,32,,,,,,,,,1350,523.24,1350,1,-28.38199996948242,,,0.1554888,98.95,
7/13/2009 10:16:58:537,ams_results,B613,119347,52092,OXII crystals (OXII05),82139,1.326999670353329,1.32741590662954,0.00414643216783098,0.00433011958083273,114.852165222168,,114852.165222168,,147,B613,5.43518654208416E-16,1.78728571428571E-15,2.35146529067731E-17,14,,,,,,,,,536.22,267.22,536.22,1,-17.95999908447266,,,0.1440558,95.76,
7/14/2009 10:22:41:017,ams_results,B613,119346,52092,OXII crystals (OXII05),82140,1.337587220852745,1.33801880158457,0.00560164439847449,0.00420124377494671,108.1845245361328,,108184.5245361328,,148,B613,5.43518654208416E-16,1.78728571428571E-15,2.35146529067731E-17,14,,,,,,,,,536,267.22,536,1,-18.43000030517578,,,0.13723411,94.69,
7/15/2009 10:26:07:517,ams_results,B613,119344,64052,KHP DOC blank,82141,0.01928668496842312,0.0178076628596941,0.000323715748002583,0.000548146864934604,72.58509826660156,,72585.09826660156,,149,B613,5.43518654208416E-16,1.78728571428571E-15,2.35146529067731E-17,14,,,,,,,,,526,267.22,526,1,-28.95599937438965,,,0.1594995,54.66,1
7/24/2009 10:30:15:997,ams_results,B613,119345,64052,KHP DOC blank,82142,0.01090406913956367,0.00941289817010227,0.000501610402728374,0.000354811546131131,73.92071533203125,,73920.71533203125,,151,B613,5.43518654208416E-16,1.78728571428571E-15,2.35146529067731E-17,14,,,,,,,,,526,267.22,526,1,-26.49200057983398,yellow material,,0.1115085,79.62,
8/3/2009 16:09:23:34,ams_results,B613,119300,52092,OXII crystals (OXII05),82143,1.303947185200541,1.30433001168709,0.00341557938299005,0.00453731110208222,135.1152496337891,,135115.2496337891,,155,B613,5.43518654208416E-16,1.78728571428571E-15,2.35146529067731E-17,14,,,,,,,,,1356,542,1356,1,-18.20199966430664,,,0.16863675,96.23,
8/4/2009 16:12:07:937,ams_results,B613,119299,52092,OXII crystals (OXII05),82144,1.293781184440626,1.29414927742036,0.00533924627705703,0.00405641934982442,132.4506225585938,,132450.6225585938,,156,B613,5.43518654208416E-16,1.78728571428571E-15,2.35146529067731E-17,14,,,,,,,,,1338.6,542,1338.6,1,-18.69700050354004,,,0.1612053,98.69,
8/21/2009 15:07:34:777,ams_results,H457,120004,52092,OXII crystals (OXII05),82625,1.315866086811372,1.31619898963931,0.00413283637370018,0.00470769995767971,87.74556732177734,,87745.56732177734,,168,H457,5.78997146487809E-16,1.48746923076923E-15,1.88953507553104E-17,13,1.28614665877874,,,,,,,,1330.91,542,1330.91,1,-17.73600006103516,,,0.1162355,90.67,
8/30/2009 17:44:48:167,ams_results,H459,120268,52092,OXII crystals (OXII05),82935,1.330642768587349,1.33094011412951,0.0057627228734639,0.00410543454600608,97.25534057617188,,97255.34057617188,,173,H459,2.48568549075991E-16,1.26132307692308E-15,1.47153549640877E-17,13,,,,,,,,,1332.6,542,1332.6,1,-18.13500022888184,,,0.11871265,98.4,
9/2/2009 19:46:20:033,ams_results,B619,120460,63051,EDTA DOC background,83177,0.01081954931514172,0.009664184573597089,0.000565671092123002,0.000303852300638695,54.45297622680664,,54452.97622680664,,179,B619,3.5728227275397E-16,1.38513333333333E-15,1.6398388745531E-17,12,,,,,,,,,1341.3,542,1331.33,1.012631058692932,-34.53400039672852,,,0.4096848,15.96,1
9/16/2009 15:40:28:04,ams_results,H462,121119,53212,OXII Jar 5 DOC std,83636,1.321795905959069,1.32212374264539,0.00334686242476753,0.00463238035428426,117.6103744506836,,117610.3744506836,,194,H462,3.2760461550864E-16,1.43409230769231E-15,1.61620203330828E-17,13,1.11678116466857,,,,,,,,1310.5,542,1310.5,1,-17.85300064086914,,,0.14920065,94.68,
9/22/2009 10:50:21:157,ams_results,H464,121544,63051,EDTA DOC background,84035,0.01409044623145848,0.0128300658499942,0.000289209115798988,0.000373577168909904,40.94108200073242,,40941.08200073242,,202,H464,3.29660507073933E-16,1.51569166666667E-15,1.7700322417597E-17,12,,,,,,,,,1342.25,542,1342.25,1,-34.33100128173828,,,0.409767,12,1
9/29/2009 11:43:26:383,ams_results,A666,122335,53212,OXII Jar 5 DOC std,84547,1.319496833866787,1.32001991103405,0.00482430033231551,0.00410474723696753,110.0038375854492,,110003.8375854492,,209,A666,6.98674101423546E-16,2.30533333333333E-15,2.34014933901504E-17,9,,,,,,,,,550.24,267.22,550.24,1,-18.01499938964844,,,0.137196,96.3,
10/6/2009 09:05:00:557,ams_results,B626,121994,63051,EDTA DOC background,84313,0.008165460229721437,0.00654301478399931,0.000342889339692278,0.000214638294591992,35.79129791259766,36.5,35791.29791259766,438.5,215,B626,3.8080065173741E-16,1.93922727272727E-15,2.96693812984443E-17,22,1.11816995301525,,,,,,,,551.95,275.6,551.95,1,-34.69400024414063,,,0.377298,11.39,1
10/13/2009 14:22:39:763,ams_results,A666,122370,53212,OXII Jar 5 DOC std,84548,1.329724320000303,1.33026652417877,0.00426987863383795,0.00415954514561083,86.44521331787109,,86445.21331787109,,223,A666,6.98674101423546E-16,2.30533333333333E-15,2.34014933901504E-17,9,,,,,,,,,1310.96,539.7,1310.96,1,-17.44400024414063,,,0.102897,100.91,
10/26/2009 09:46:10:377,ams_results,B628,122457,53212,OXII Jar 5 DOC std,84551,1.322557141407135,1.32305249561404,0.00450822492746821,0.00458164491359227,104.60791015625,,104607.91015625,,231,B628,3.44579735974773E-16,2.15977777777778E-15,2.05952625374406E-17,9,,,,,,,,,1300.5,539.7,1300.5,1,-17.72200012207031,,,0.1322417,95.01,
11/2/2009 14:44:33:417,ams_results,B628,122450,63051,EDTA DOC background,84845,0.008975479072201888,0.00716960686511634,0.000242300238394542,0.000266201049336929,53.43032073974609,50.5,53430.32073974609,606.8,239,B628,3.44579735974773E-16,2.15977777777778E-15,2.05952625374406E-17,9,,,,,,,,,1314.51,539.7,1314.51,1,-34.42800140380859,,,0.542931,11.82,1
11/12/2009 15:56:31:147,ams_results,B630,122809,53212,OXII Jar 5 DOC std,85059,1.31729593683697,1.31783615621066,0.00315176540403811,0.00436603659571866,139.8489990234375,,139848.9990234375,,246,B630,5.85397838045101E-16,2.39958333333333E-15,2.77504185969368E-17,12,,,,,,,,,1322.08,539.7,1322.08,1,-17.61000061035156,,,0.1627297,103.22,
12/1/2009 08:56:46:457,ams_results,A672,123460,53212,OXII Jar 5 DOC std,85361,1.330488571183869,1.33090342302559,0.00441575717743665,0.00467126442487523,119.7151336669922,,119715.1336669922,,261,A672,3.46550796486539E-16,1.76E-15,1.8912760665797E-17,12,,,,,,,,,550,276.61,550,1,-18.22200012207031,,,0.13929205,103.23,
12/9/2009 15:15:16:033,ams_results,B642,125190,76211,Glycine DOC blank,86843,0.008239946732582252,0.00686736668867087,0.00042082621001581,0.000298784674855132,117.5130920410156,,117.51,,268,B642,3.54029223241657E-16,1.64109090909091E-15,1.76976191177411E-17,11,,,,,,,,,1342,540.68,1342,1,-43.07400131225586,,,0.149703,94.28,
12/17/2009 15:56:19:187,ams_results,B642,125193,53212,OXII Jar 5 DOC std,86905,1.332894399089656,1.33328438658665,0.00630342633895782,0.00423874964624234,110.8963165283203,,110.89,,275,B642,3.54029223241657E-16,1.64109090909091E-15,1.76976191177411E-17,11,,,,,,,,,1352.5,540.1,1352.5,1,-17.66699981689453,,,0.12938345,102.95,
12/29/2009 00:00:00,ams_results,B642,125200,76211,Glycine DOC blank,86911,0.003917216005621734,0.00253888419387848,0.000416354701725742,0.000234823299710497,141.7193450927734,,141.72,,281,B642,3.54029223241657E-16,1.64109090909091E-15,1.76976191177411E-17,11,,,,,,,,,1338.27,540.1,1338.27,1,-42.98400115966797,,,0.1742586,97.68,
2/1/2010 09:31:03:237,ams_results,B642,125201,53212,OXII Jar 5 DOC std,86912,1.330252534738904,1.33063900700644,0.0053036195348952,0.00404621268657798,101.0700073242188,,101.07,,288,B642,3.54029223241657E-16,1.64109090909091E-15,1.76976191177411E-17,11,,,,,,,,,523.5,276.13,523.5,1,-17.68899917602539,"By Maya, over pressure for some time when purge CO2",,0.12481025,97.26,
2/9/2010 15:11:10:217,ams_results,B643,125414,76211,Glycine DOC blank,87104,0.006128494498987946,0.00460832740244675,0.000366531972351603,0.000253658452609609,109.5780792236328,,109578.0792236328,,293,B643,2.96059717051486E-16,1.81358333333333E-15,2.13620466786552E-17,12,,,,,,,,,521.05,276.13,521.05,1,-43.36800003051758,,,0.135702,96.99,
3/2/2010 10:39:39:16,ams_results,A685,125868,53212,OXII Jar 5 DOC std,87543,1.332955602187092,1.33343306143296,0.00498433726641595,0.00408797911419535,103.1296768188477,,103129.6768188477,,302,A685,7.864946354270671E-16,2.00816E-15,2.27952222314193E-17,10,,,,,,,,,1384.31,540.1,1384.31,1,-17.57699966430664,by  Maya   x15.873,,0.12404805,99.86,
3/17/2010 17:39:06:4,ams_results,A687,126315,76211,Glycine DOC blank,87814,0.005301051221535064,0.00384410297990246,0.000441210799737579,0.000334497818600779,107.767219543457,,107767.219543457,,308,A687,7.10435697502395E-16,1.73688E-15,2.51023264245582E-17,15,,,,,,,,,1387.53,540.1,1387.53,1,-42.71500015258789,by Maya      x17.93,,0.1318248,98.19,
4/1/2010 11:29:33:347,ams_results,H492,127063,53212,OXII Jar 5 DOC std,88282,1.333207918542597,1.33354202016135,0.003723773673824,0.00405810183885272,112.1923294067383,,112192.3294067383,,321,H492,3.50230289272372E-16,1.40468666666667E-15,1.74851113881456E-17,15,,,,,,,,,1349.89,540.1,1349.89,1,-17.29299926757813,x15.873,,0.13700545,98.36,
4/8/2010 16:19:12:457,ams_results,H492,127076,76211,Glycine DOC blank,88467,0.006877882645895052,0.00570170119459575,0.000206734927965077,0.000234473934642091,114.2295074462891,,114229.5074462891,,327,H492,3.50230289272372E-16,1.40468666666667E-15,1.74851113881456E-17,15,,,,,,,,,565.84,276.09,565.84,1,-42.92300033569336,Q-H2O 14 hr UV    x17.93,,0.1456104,94.22,
4/28/2010 16:24:58:323,ams_results,A696,128092,53212,OXII Jar 5 DOC std,89215,1.311347612466423,1.31173939235618,0.00454456618777739,0.00402846002154008,63.28544235229492,,63285.44235229492,,333,A696,3.32266356735348E-16,1.77925E-15,1.93250240798749E-17,12,,,,,,,,,1381.77,540.1,1381.77,1,-17.79899978637695,by Maya,,0.07336175,103.61,
5/11/2010 13:12:36:25,ams_results,A699,128633,53212,OXII Jar 5 DOC std,89511,1.294672269501674,1.29503597480417,0.0040374375475661,0.00417967956183599,52.69800567626953,52.7,52698.00567626953,633.2,343,A699,3.79354901148833E-16,1.75984615384615E-15,2.0569801419323E-17,13,,,,,,,,,1371.5,540.1,1371.5,1,-17.77799987792969,,,0.0625004,101.27,
5/26/2010 10:18:58:697,ams_results,A701,129062,53212,OXII Jar 5 DOC std,89927,1.302665922789249,1.30296215467805,0.00523407361206144,0.00401178683825006,31.40086555480957,31.12,31400.86555480957,373.9,355,A701,4.29720184102399E-16,1.39019375E-15,1.92326165929854E-17,16,,,,,,,,,1339.84,540.1,1339.84,1,-17.99900054931641,,,0.03715725,101.5,
6/10/2010 14:05:05:85,ams_results,H508,130252,53212,OXII Jar 5 DOC std,90406,1.31015580067114,1.31048316291578,0.00517487419116281,0.00497350768068975,16.41361236572266,,16413.61236572266,,365,H508,2.27277705804057E-16,1.4936E-15,1.45468442103951E-17,10,,,,,,,,,1322,540.1,1322,1,-17.74699974060059,,,0.019055,103.46,
6/25/2010 20:57:38:173,ams_results,H508,130258,53212,OXII Jar 5 DOC std,90814,1.273521238275047,1.27380424129918,0.00502731964048166,0.00549051023892168,9.81610107421875,,9816.10107421875,,375,H508,2.27277705804057E-16,1.4936E-15,1.45468442103951E-17,10,,,,,,,,,1335,540.1,1335,1,-18.35099983215332,,,0.00933695,126.27,1
7/14/2010 13:04:14:757,ams_results,H510,130710,76211,Glycine DOC blank,91239,0.008256939876465991,0.00714594984874514,0.000189361762384594,0.000283634212261676,39.66678237915039,,39.67,,385,H510,3.18680085200341E-16,1.32868571428571E-15,1.57760644733961E-17,14,,,,,,,,,1339.46,540.1,1339.46,1,-42.71699905395508,,,0.0467418,101.93,
7/23/2010 14:23:44:957,cfams_results,CFAMS101110,133024,76211,Glycine DOC blank,91586,0.0648,0.0567,0.0008,0.0011,4.853830814361572,,4853.830814361572,,394,CFAMS101110,,,,,,,,,,,,,1323.9,540.1,1323.9,1,-40.74100112915039,3.588 u mole/g,,0.005824416,100.09,
7/26/2010 14:26:44:85,cfams_results,CFAMS101110,133022,76211,Glycine DOC blank,91587,0.0951,0.0873,0.001,0.0011,3.645315170288086,,3645.315170288086,,395,CFAMS101110,,,,,,,,,,,,,1339.61,540.1,1339.61,1,-38.16699981689453,3.588 u mole/g,,0.002834664,154.46,
8/6/2010 17:04:03:063,cfams_results,CFAMS101110,133020,76211,Glycine DOC blank,92950,0.0324,0.024,0.0006,0.0005,7.993823051452637,,7993.823051452637,,405,CFAMS101110,,,,,,,,,,,,,1357,540.1,1357,1,-39.34199905395508,6.40 umole ,,0.00768978,124.86,
8/25/2010 09:52:00:773,cfams_results,CFAMS101110,133019,53212,OXII Jar 5 DOC std,92834,1.2482,1.2499,0.0025,0.0021,10.76056575775147,,10760.56575775147,,415,CFAMS101110,,,,,,,,,,,,,1340,540.1,1340,1,-18.51300048828125,5.52 mg   1.408 out of 12.986g solution,,0.011413945,113.23,
9/9/2010 09:16:45:42,ams_results,B676,132154,53212,OXII Jar 5 DOC std,92734,1.321694998594963,1.32205786388993,0.00457627707949005,0.00415770073320204,85.66774749755859,,85667.74749755859,,425,B676,4.01877548642076E-16,1.58769230769231E-15,1.98224917281871E-17,13,,,,,,,,,1359.23,540.1,1359.23,1,-17.64900016784668,,,0.0796499,129.18,1
9/17/2010 14:32:44:3,ams_results,A717,132435,76211,Glycine DOC blank,92975,0.005844974509483037,0.00458483405106747,0.000279739192604686,0.000322902448474358,69.02782440185547,,69027.82440185547,,435,A717,6.82886961642227E-16,1.50333333333333E-15,2.48563672614566E-17,15,,,,,,,,,1353.5,540.1,1353.5,1,-44.77999877929688,,,0.08463066,97.97,
10/8/2010 09:48:36:347,cfams_results,CFAMS102510,133407,53212,OXII Jar 5 DOC std,93812,1.244374,1.244865894317627,0.002776536624878645,0.002801890484988689,9.806846618652344,,9806.846618652344,,462,CFAMS102510,,,,,,,,,0.0025,0.0013,,,1415.87,540.1,1415.87,1,-18.4689998626709,11.78 mg x0.7626/16.189  ,,0.010575525,111.38,
11/30/2010 10:33:27:43,cfams_results,CFAMS120210,134728,76211,Glycine DOC blank,94888,0.0075,0.005,0.0001653,0.000132,37.42453765869141,,37424.53765869141,,532,CFAMS120210,,,,,,,,,,,,,1361,540,1361,1,-42.50299835205078,,,0.04413546,101.85,
12/20/2010 10:27:38:293,ams_results,H530,136109,53212,OXII Jar 5 DOC std,95573,1.310215547261738,1.31053763314109,0.00375923736313168,0.0064878485395979,17.87314796447754,,17873.14796447754,,545,H530,3.41130022583314E-16,1.46923076923077E-15,1.74797991521032E-17,13,,,,,,,,,1350,540,1350,1,-18.09000015258789,run OX-II by EA OC-29384 1.118mg,,0.021589315,99.44,
1/19/2011 00:00:00,ams_results,H532,136456,53212,OXII Jar 5 DOC std,96199,1.327519654668051,1.32803784797096,0.00365259659909335,0.00413048827960863,75.0103759765625,69.30000305175781,75010.3759765625,832.6,558,H532,1.47974861919179E-15,2.22028E-15,3.62087679233783E-17,15,,,,,,,,,1350,540,1350,1,-17.89399909973145,,,0.09165455,98.3,
1/25/2011 15:21:11:567,ams_results,H535,137080,76211,Glycine DOC blank,96618,0.009081794406652086,0.00758654755124251,0.000855616455326975,0.000349741666040811,64.21754455566406,,64217.54455566406,,566,H535,5.9606452928934E-16,1.789E-15,2.39223275092863E-17,14,,,,,,,,,1359.09,540,1359.09,1,-42.75199890136719,,,0.0768978,100.3,
2/25/2011 14:38:09:577,ams_results,H553,140600,53212,OXII Jar 5 DOC std,97608,1.282132104365186,1.28241736952849,0.00496433392476568,0.00444774624780774,18.19536399841309,,18.19536399841309,,580,H553,3.07166552393145E-16,1.45209090909091E-15,1.42171678319637E-17,11,,,,,,,,,1365,540,1365,1,-18.37599945068359,,,0.020941445,104.36,
4/8/2011 00:00:00,ams_results,B706,139482,76211,Glycine DOC blank,98606,0.02793055416803024,0.0264020306410295,0.000661111416031248,0.000706034933405332,26.90371131896973,27.26000022888184,26903.71131896973,327.5,590,B706,3.98989589222191E-16,1.86276923076923E-15,2.06244115104643E-17,13,,,,,,,,,1365,540,1365,1,,"stuck vacutap, d13C split never taken.",,0.03022062,106.93,
6/13/2011 00:00:00,ams_results,H558,141522,53212,OXII Jar 5 DOC std,100513,1.320743174462743,1.32109526806751,0.00530471995375594,0.00411035673948699,27.58316421508789,26.48999977111816,27.58316421508789,318.3,599,H558,2.39948037304039E-16,1.54583333333333E-15,1.55989934418925E-17,12,,,,,,,,,1352,540,1352,1,-17.89100074768066,,,0.03262216,101.56,
7/10/2011 00:00:00,ams_results,A761,142299,53212,OXII Jar 5 DOC std,101224,1.316386114219847,1.31677975781087,0.00306645024422532,0.0042539599866465,52.00739669799805,50.15000152587891,52.00739669799805,602.6,616,A761,2.87980491763528E-16,1.75518181818182E-15,1.88561963586715E-17,11,,,,,,,,,1355,540,1355,1,-17.72200012207031,,,0.062290795,100.28,
9/28/2011 00:00:00,ams_results,H575,145188,76211,Glycine DOC blank,103449,0.008781195412154422,0.00744061006081713,0.000433516129907829,0.00025917730360426,37.82429122924805,37.36999893188477,37.82429122924805,449,622,H575,2.42171877355357E-16,1.60372727272727E-15,1.57923984662303E-17,11,,,,,,,,,1326,540,1326,1,-42.67499923706055,,,0.04775418,95.13,
12/31/2011 00:00:00,ams_results,H529,135860,76211,Glycine DOC blank,95723,0.01275854524317777,0.0113999051989058,0.000452705383851105,0.00041785707502306,23.21787261962891,,23217.87261962891,,552,H529,4.42109706322133E-16,1.63158333333333E-15,1.81713203075612E-17,12,,,,,,,,,1360,540,1360,1,-42.00099945068359,,,0.0276789,100.75,
2/6/2012 00:00:00,ams_results,H600,150385,53212,OXII Jar 5 DOC std,107080,1.332627483126394,1.33307903785553,0.00495724165506621,0.00403890590949877,47.84724426269531,46.65999984741211,47.84724426269531,560.6,640,H600,3.18598057467748E-16,1.9015E-15,1.54652416640553E-17,10,,,,,,,,,1360,539.72,1360,1,-17.64800071716309,,,0.05735555,100.2,
4/10/2012 00:00:00,ams_results,A806,151598,76211,Glycine DOC blank,108884,0.01277171684697952,0.0112718841133475,0.000184026418865067,0.000355026916439582,36.59744262695313,35.77999877929688,36.59744262695313,429.9,673,A806,4.35798631215952E-16,1.80091666666667E-15,1.91060697359549E-17,12,,,,,,,,,1350,539.72,1350,1,-42.4370002746582,2.045 mg,,0.0440493,99.79,
5/15/2012 00:00:00,cfams_results,CFAMS062812,154142,53212,OXII Jar 5 DOC std,109820,1.293347,1.293785929679871,0.002533384828733509,0.003347473853371659,30.54365730285645,29.8700008392334,30.54365730285645,358.9,710,CFAMS062812,,,,,,,,,0.0018,0.0009,,,1350,539.76,1350,1,-17.67700004577637,1.90 mg,,0.03628072,101.12,
5/15/2012 00:00:00,ams_results,H613,152935,76211,Glycine DOC blank,109821,0.04620617511484117,0.0449131444331648,0.000609774198333753,0.00103054448462053,12.40261745452881,11.82999992370606,12.40261745452881,142.1,717,H613,3.40383553265039E-16,1.6051E-15,1.82106022510715E-17,13,,,,,,,,,1350,520.74,1350,1,-41.55500030517578,0.632 mg,,0.01361328,109.43,
9/12/2012 00:00:00,cfams_results,CFAMS091412,156773,53212,OXII Jar 5 DOC std,113133,1.2996,1.3,0.0047599,0.0031185,37.71408081054688,36.25,37.71408081054688,435.5,756,CFAMS091412,,,,,,,,,,,,,1365,539.43,1365,1,-17.80699920654297,,,0.04443626,101.94,
9/25/2012 00:00:00,cfams_results,CFAMS092812,157392,76211,Glycine DOC blank,113526,0.0176,0.0154,0.0015048,0.0004916,36.34033203125,35.72999954223633,36.34033203125,429.3,766,CFAMS092812,,,,,,,,,0.0018,0.0004,,,1362,539.43,1362,1,-42.43999862670898,,,0.04607406,94.74,
10/3/2012 14:59:07:95,cfams_results,CFAMS111212,158865,53212,OXII Jar 5 DOC std,114287,1.327269,1.328706622123718,0.003220465398329468,0.003463668046963374,54.32592391967773,,54.32592391967773,,776,CFAMS111212,,,,,,,,,0.0052,0.0026,,,1350,539.43,1350,1,-17.22699928283691,added 54.6 u mole,,0.0655492,99.54,
11/6/2012 15:47:21:177,cfams_results,CFAMS112312,159240,76211,Glycine DOC blank,114915,0.0122,0.0097,0.000271,0.000397,42.40639877319336,,42.40639877319336,,796,CFAMS112312,,,,,,,,,0.0025,0.0012,,,1350,539.45,1350,1,-42.28499984741211,,,0.05619786,90.63,
11/21/2012 09:42:17:593,cfams_results,CFAMS121112,159907,53212,OXII Jar 5 DOC std,115307,1.322954,1.323689222335815,0.004330172513129325,0.003499867978951847,47.2298698425293,,47.2298698425293,,806,CFAMS121112,,,,,,,,,0.0027,0.0013,,,1350,539.45,1350,1,-17.6879997253418,,,0.05663146,100.17,
12/6/2012 12:40:46,cfams_results,CFAMS010813,160639,76211,Glycine DOC blank,115716,0.0098,0.009804000146687033,0.000147,0.000342,39.47013473510742,,39.47013473510742,,816,CFAMS010813,,,,,,,,,0.0032,0.0016,,,1350,539.45,1350,1,-42.48500061035156,,,0.0464187,102.13,
12/20/2012 00:00:00,cfams_results,CFAMS011113,160717,53212,OXII Jar 5 DOC std,115962,1.21737,1.217677354812622,0.005231094380521737,0.002960901618400644,46.95915985107422,,46.95915985107422,,826,CFAMS011113,,,,,,,,,0.0018,0.0009,,,1350,539.45,1350,1,-18.76600074768066,,,0.050438585,111.82,1
1/9/2013 13:04:16:747,cfams_results,CFAMS012313,161251,76211,Glycine DOC blank,116364,0.0048,0.0026,0.000182,0.000236,55.96250152587891,,55.96250152587891,,845,CFAMS012313,,,,,,,,,,,,,1350,539.45,1350,1,-42.67499923706055,,,0.06744174,99.67,
1/25/2013 21:19:45:077,ams_results,H615,161766,53212,OXII Jar 5 DOC std,116705,1.328338019796935,1.32887059628553,0.00281171550158547,0.00350549368367308,49.76799392700195,,49.76799392700195,,875,H615,3.54618104444767E-16,2.27533333333333E-15,2.13878105968492E-18,9,,,,,,,,,1350,539.45,1350,1,-17.8120002746582,,,0.059394435,100.64,
2/11/2013 00:00:00,ams_results,B775,162022,76211,Glycine DOC blank,117102,0.008590034955005207,0.00743779527545862,0.000255481575433136,0.000307031784742962,68.52985382080078,66.09999847412109,68.52985382080078,794.2,886,B775,5.48292314770048E-16,1.37840769230769E-15,1.77789495257264E-18,13,,,,,,,,,1350,539.33,1350,1,-42.4900016784668,,,0.0804519,102.31,
2/28/2013 00:00:00,ams_results,H618,162529,53212,OXII Jar 5 DOC std,117537,1.32339933550463,1.32365578911343,0.00337418952729763,0.00366787703629464,49.37150192260742,47.84000015258789,49.37150192260742,574.8,896,H618,4.03261123989009E-16,1.11577857142857E-15,1.46098592342149E-18,14,,,,,,,,,1350,539.33,1350,1,-17.78499984741211,,,0.068426505,86.66,
3/25/2013 00:00:00,ams_results,B780,163589,76211,Glycine DOC blank,118185,0.01232047287172333,0.0112635901953135,0.000306574773829101,0.000326060911259046,45.51439666748047,44.40000152587891,45.51439666748047,533.5,917,B780,4.8001108176241E-16,1.26903636363636E-15,2.47881477007526E-18,22,,,,,,,,,1350,539.33,1350,1,-42.39699935913086,2.53 mg =45.4 u mole,,0.05458236,100.16,
4/2/2013 16:28:17:487,ams_results,B782,164156,53212,OXII Jar 5 DOC std,118555,1.32248883590193,1.32270434859773,0.00451629593026269,0.00371296619254235,40.02108001708984,,40.02108001708984,,927,B782,2.45087645462462E-16,9.4080625E-16,1.20310756210652E-18,16,,,,,,,,,1350,539.33,1350,1,-17.65999984741211,,,0.04721829,101.8,
5/9/2013 00:00:00,cfams_results,CFAMS052213,165563,76211,Glycine DOC blank,119643,0.0139,0.0125,0.000123,0.00021,39.46245956420898,38.86999893188477,39.46245956420898,467,937,CFAMS052213,,,,,,,,,0.0014,0.0007,,,1350,539.33,1350,1,-42.27999877929688,,,0.04667718,101.55,
5/24/2013 00:00:00,cfams_results,CFAMS062513,166745,74558,NOSAMS-Q1 DOC blank,120107,,0.7317708134651184,0.0037254,0.0037254,0.2223260700702667,2.630000114440918,0.2223260700702667,31.6,533,CFAMS062513,,,,,,,,,,,,,1384.93,540,1384.93,1,-26.41900062561035,pre-teat Q-water 2 hr,,,,
5/29/2013 00:00:00,cfams_results,CFAMS062513,166749,74558,NOSAMS-Q1 DOC blank,120181,,0.625774085521698,0.0040284,0.0040284,0.3027583956718445,2.559999942779541,0.3027583956718445,30.8,755,CFAMS062513,,,,,,,,,,,,,1365,539.43,1365,1,-29.72500038146973,,,,,
6/3/2013 20:47:29:39,ams_results,H632,166440,53212,OXII Jar 5 DOC std,120671,1.31219995619269,1.3124450534254,0.0031351763339675,0.00387998376565188,83.86422729492188,,83.86422729492188,,946,H632,3.61370816433338E-16,1.11021666666667E-15,1.37925020295605E-18,12,,,,,,,,,1350,533.39,1350,1,-17.7189998626709,,,0.101658425,99.09,
6/25/2013 14:28:46:787,cfams_results,CFAMS071113,167100,76211,Glycine DOC blank,121098,0.0091,0.0065,0.0002349,0.0002281,35.5040397644043,,35.5040397644043,,956,CFAMS071113,,,,,,,,,,,,,1350,533.39,1350,1,-42.69699859619141,,,0.04290768,99.39,
8/5/2013 00:00:00,ams_results,H638,168247,53212,OXII Jar 5 DOC std,122105,1.320784317982518,1.32131440847394,0.00193654951912,0.0039574840248353,52.71359252929688,51.54000091552734,52.71359252929688,619.3,966,H638,1.84785461188554E-16,2.3255E-15,1.39603638069901E-18,4,,,,,,,,,1350,533.39,1350,1,-17.88299942016602,,3.2,0.06105222,103.71,
8/26/2013 00:00:00,ams_results,H641,169163,76211,Glycine DOC blank,122723,0.005686141883510132,0.00450475103092447,0.000273274722452082,0.000186264087186115,54.52927780151367,53.56999969482422,54.52927780151367,643.6,976,H641,2.60327224065682E-16,1.40927692307692E-15,1.59410398310631E-18,13,,,,,,,,,1350,533.39,1350,1,-42.47600173950195,,3.12,0.0672048,97.46,
8/27/2013 00:00:00,ams_results,B800,169226,76211,Glycine DOC blank,122770,0.0067376608787451,0.00566625365858819,0.000254660426143582,0.000236049223147542,76.81123352050781,74.51999664306641,76.81123352050781,895.4,978,B800,3.44084152636006E-16,1.27951333333333E-15,1.51161288479279E-18,15,,,,,,,,,1350,533.39,1350,1,-42.93299865722656,,4.316,0.09296664,99.24,
9/3/2013 08:46:12:527,ams_results,H643,169608,76211,Glycine DOC blank,123051,0.01060374534763893,0.00955313739319125,0.000248687985708918,0.000249777982348719,64.08384704589844,,64.08384704589844,,980,H643,2.21462135445086E-16,1.25940769230769E-15,1.37258861880206E-18,13,,,,,,,,,1350,533.39,1350,1,-42.72100067138672,,3.61,0.0777594,98.99,
9/5/2013 14:40:57:387,ams_results,H643,169607,76211,Glycine DOC blank,123053,0.01282857465552508,0.0117802378163847,0.000182013228678248,0.000285225136582499,79.65393829345703,,79.65393829345703,,982,H643,2.21462135445086E-16,1.25940769230769E-15,1.37258861880206E-18,13,,,,,,,,,1350,533.39,1350,1,-42.94699859619141,,4.42,0.0952068,100.49,
9/10/2013 00:00:00,ams_results,A843,169705,76211,Glycine DOC blank,123140,0.01042982444921544,0.009312165330162251,0.000230904949532064,0.00031338282859111,72.76712036132813,70.97000122070313,72.76712036132813,852.7,984,A843,3.61149036843776E-16,1.33947142857143E-15,1.74514781844132E-18,14,,,,,,,,,1350,533.39,1350,1,-42.81399917602539,,,0.0868062,100.68,
9/13/2013 00:00:00,ams_results,H644,169820,76211,Glycine DOC blank,123277,0.006596954121882271,0.00539472925476438,0.000225278848173956,0.000201995413978266,80.20864105224609,71.30000305175781,80.20864105224609,856.7,986,H644,1.60645119893057E-16,1.43536363636364E-15,1.53864377987651E-18,11,,,,,,,,,1350,533.39,1350,1,-43.08000183105469,,4.51,0.0971454,99.17,
11/6/2013 17:05:04:76,cfams_results,CFAMS111413,171633,76211,Glycine DOC blank,124757,0.0134,0.0108,0.000213,0.000256,56.11002349853516,,56.11002349853516,,996,CFAMS111413,,,,,,,,,0.0025,0.0008,,,1350,539.37,1350,1,-42.81100082397461,,,0.0725898,92.84,
12/3/2013 00:00:00,ams_results,A852,172390,76211,Glycine DOC blank,125342,0.007874243531487874,0.00698563076238,0.000231856642697064,0.000218997187681937,74.24293518066406,66.09999847412109,74.24293518066406,794.2,998,A852,1.65826427249576E-16,1.06256923076923E-15,1.04968830861301E-18,13,,,,,,,,,1350,539.37,1350,1,-42.56399917602539,,,0.0848676,105.07,
12/5/2013 13:59:13:237,ams_results,B812,172609,76211,Glycine DOC blank,125492,0.010392356194284,0.00953155744527911,0.000150482372612057,0.000271395388072761,77.25386047363281,,77.25386047363281,,1000,B812,3.30154099412645E-16,1.03185384615385E-15,1.18941277887128E-18,13,,,,,,,,,1350,539.37,1350,1,-43.05799865722656,,,0.0917604,101.12,
12/12/2013 16:45:33:61,ams_results,A855,173178,76211,Glycine DOC blank,125760,0.009230959881886982,0.008349424592540769,0.000346169541813087,0.000296878500908405,75.32089233398438,,75.32089233398438,,1002,A855,3.91900421025546E-16,1.0555E-15,1.10486333629811E-18,11,,,,,,,,,1350,539.37,1350,1,-42.99700164794922,,,0.0885294,102.19,
12/30/2013 00:00:00,ams_results,A855,173179,76211,Glycine DOC blank,125946,0.007365744394584223,0.00648261362428498,0.000269948124666,0.000254192720878501,82.98966217041016,81.12999725341797,82.98966217041016,974.8,1004,A855,3.91900421025546E-16,1.0555E-15,1.10486333629811E-18,11,,,,,,,,,1350,539.37,1350,1,-43.1619987487793,,,0.099084,100.6,
1/7/2014 00:00:00,ams_results,H656,173299,76211,Glycine DOC blank,126057,0.007581668402814117,0.00675073661784086,0.00020089018438004,0.000227156678397039,78.97806549072266,70.30000305175781,34.1,844.7,1006,H656,3.59549196502902E-16,9.93370588235294E-16,1.30925722929503E-18,17,,,,,,,,,1350,539.37,1350,1,-42.94200134277344,,,0.0939144,101.01,
1/8/2014 09:26:27:653,ams_results,B816,173595,76211,Glycine DOC blank,126264,0.009718540072490272,0.00874520636565247,0.000402285312115243,0.000302063096608449,76.54766082763672,,76.54766082763672,,1008,B816,2.60556252846551E-16,1.16586153846154E-15,1.29393638705008E-18,13,,,,,,,,,1350,539.37,1350,1,-43.05300140380859,,,0.0919758,99.96,
5/9/2014 00:00:00,cfams_results,CFAMS051414,177336,53212,OXII Jar 5 DOC std,129623,1.295893,1.296853542327881,0.002617357774267852,0.002785473513292344,22.81647109985352,22.53000068664551,22.81647109985352,270.7,1038,CFAMS051414,,,,,,,,,0.0039,0.0012,,,1350,539.37,1350,1,-18.04299926757813,,1.332,0.02538126,107.97,
5/20/2014 00:00:00,snics,CFAMS052714,177749,76211,Glycine DOC blank,129933,0.0260287543486038,0.0183232567314966,0.000515430940040693,0.000335198249810304,35.20708847045898,34.86999893188477,35.20708847045898,419,1045,CFAMS052714,,,,,,,,,0.0041,0.0013,,,1350,539.37,1350,1,-42.35499954223633,,3.46,0.07459302,56.69,1
6/10/2014 00:00:00,cfams_results,CFAMS070314,178847,53212,OXII Jar 5 DOC std,130518,1.307129,1.308234572410584,0.003954114220576763,0.002982846246185388,101.7339553833008,90.3000030517578,101.7339553833008,1085,1058,CFAMS070314,,,,,,,,,0.0043,0.0017,,,1350,539.37,1350,1,-17.54599952697754,,6.48,0.1234764,98.96,
7/7/2014 00:00:00,cfams_results,CFAMS071514,179367,53212,OXII Jar 5 DOC std,131029,1.331653,1.332298517227173,0.002202622528427852,0.002883051002321989,76.23903656005859,75.09999847412109,76.23903656005859,902.3,1068,CFAMS071514,,,,,,,,,0.0023,0.0007,,,1350,539.37,1350,1,-17.64200019836426,,4.78,0.0910829,100.54,
7/23/2014 00:00:00,cfams_results,CFAMS073114,179648,76211,Glycine DOC blank,131446,0.0166,0.0139,0.000298,0.00022,75.025634765625,70.80000305175781,75.025634765625,850.7,1077,CFAMS073114,,,,,,,,,0.0027,0.0009,,,1350,537.39,1350,1,-42.76399993896484,,4.24,0.0913296,98.67,
8/26/2014 00:00:00,snics,CFAMS090214,180827,53212,OXII Jar 5 DOC std,132352,1.32827405397755,1.33213340408848,0.00305958067408926,0.00345878318620202,88.38051605224609,88.12999725341797,88.38051605224609,1058.9,1085,CFAMS090214,,,,,,,,,,,,,1350,539.37,1350,1,-17.75,,5.7,0.1086135,97.74,
8/26/2014 08:21:39:723,snics,CFAMS091914,181537,53212,OXII Jar 5 DOC std,132804,1.23686311273983,1.2373179612401,0.00343361719035548,0.00280332839882551,18.06823348999023,,18.06823348999023,,1098,CFAMS091914,,,,,,,,,,,,,1350,539.37,1350,1,-18.95100021362305,,1.237,0.023571035,92.07,
10/2/2014 00:00:00,snics,CFAMS101314,182508,76211,Glycine DOC blank,133357,0.0274150796449237,0,0.000271855254949128,0.000781558105566376,21.25982666015625,20.53000068664551,21.25982666015625,246.7,1117,CFAMS101314,,,,,,,,,,,,,1350,539.37,1350,1,-41.39400100708008,,1.115,0.0240171,106.32,
10/2/2014 00:00:00,snics,CFAMS101314,182507,53212,OXII Jar 5 DOC std,133358,1.15615840098616,1.15643816248112,0.00246551844329074,0.00253817808516279,21.69998741149902,20.93000030517578,21.69998741149902,251.5,1118,CFAMS101314,,,,,,,,,,,,,1350,539.37,1350,1,-19.61700057983398,,1.168,0.02225624,117.11,
1/29/2015 00:00:00,snics,CFAMS030615,187100,53212,OXII Jar 5 DOC std,136328,1.3129242299003,1.31367855627664,0.00226349359995707,0.00256979780600104,94.075439453125,88.5,94.075439453125,1063.3,1184,CFAMS030615,,,,,,,,,,,,,1355,539.37,1355,1,-17.45499992370606,,,0.1459613,77.41,1
1/30/2015 00:00:00,snics,USAMS020515,186075,76211,Glycine DOC blank,136359,0.019939300258719,0.015525592671841,0.000240579214503075,0.000277665707441657,100.102294921875,94.77999877929688,100.102294921875,1138.8,1185,USAMS020515,,,,,,,,,,,,,1370,539.37,1370,1,-42.34000015258789,,,0.1460412,82.33,
4/13/2015 00:00:00,snics,CFAMS041715,188722,76211,Glycine DOC blank,138553,0.0134792666800845,0.0102697255123821,0.000161893169157799,0.000185791099569632,28.8579044342041,27.95999908447266,28.8579044342041,335.9,1219,CFAMS041715,,,,,,,,,,,,,,521.16,1343.35,,-42.19499969482422,,,0.04308,80.46,
4/17/2015 00:00:00,snics,CFAMS042315,188938,76211,Glycine DOC blank,138714,0.0197363836232335,0.0153217978628032,0.000251916185805591,0.000215209227613248,24.71877098083496,22.93000030517578,24.71877098083496,275.5,1227,CFAMS042315,,,,,,,,,,,,,1350,539.45,1350,1,-42.01800155639648,,1.33,0.02856204,103.95,
5/5/2015 00:00:00,snics,CFAMS052715,190305,74558,NOSAMS-Q1 DOC blank,139379,0.390847274249575,0.389599048195044,0.00229395024474119,0.00309576161573489,1.220735788345337,1.22,1.220735788345337,14.7,1134,CFAMS052715,,,,,,,,,,,,,1368.82,539.37,563.29,34.676025390625,,,,,,
5/13/2015 00:00:00,snics,CFAMS052715,190297,74558,NOSAMS-Q1 DOC blank,139653,0.251173907524669,0.249657027177535,0.00317853999058171,0.002196821709343,1.428275942802429,1.43,1.428275942802429,17.2,1135,CFAMS052715,,,,,,,,,,,,,1365,539.37,1365,1,,TOC=12 ppb,,,,
5/16/2015 00:00:00,snics,CFAMS052215,190114,76211,Glycine DOC blank,139741,0.0160579402936709,0.0133683869760682,0.000552479648938064,0.00030784126370133,35.30625152587891,34.40000152587891,35.30625152587891,413.3,1257,CFAMS052215,,,,,,,,,,,,,1350,539.45,1350,1,-41.95000076293945,,1.75,0.037695,112.5,
5/16/2015 00:00:00,snics,CFAMS052215,190115,53212,OXII Jar 5 DOC std,139744,1.29873053444865,1.2994107912295,0.00182582330872541,0.0027048789032981,36.78907012939453,35.79999923706055,36.78907012939453,430.1,1260,CFAMS052215,,,,,,,,,,,,,1350,539.45,1350,1,-17.6609992980957,,2.18,0.0415399,106.37,
6/4/2015 00:00:00,snics,CFAMS061115,191034,53212,OXII Jar 5 DOC std,140354,1.123858100102,1.12417585001326,0.00161042080955426,0.00267411429704693,16.49736022949219,16.67000007629395,16.49736022949219,200.3,1278,CFAMS061115,,,,,,,,,,,,,1400,521.25,1400,1,-20.14999961853027,,0.85,0.016292025,121.62,
6/11/2015 00:00:00,snics,CFAMS070215,191929,74558,NOSAMS-Q1 DOC blank,140619,0.477320055639801,0.476238155381367,0.00499076909277061,0.00438055503335424,0.5699664354324341,0.57,0.5699664354324341,6.8,1277,CFAMS070215,,,,,,,,,,,,,1400,521.25,1400,1,,,,,,
7/30/2015 00:00:00,snics,USAMS080615,193466,76211,Glycine DOC blank,142324,0.0232257694305803,0.0215599385295005,0.00077642713876986,0.000261339601521871,36.61681365966797,35.08000183105469,36.61681365966797,421.5,1301,USAMS080615,,,,,,,,,,,,,1390,521.16,1390,1,-42.52999877929688,,,0.04562172,96.4,
10/23/2015 00:00:00,snics,CFAMS103015,196444,76211,Glycine DOC blank,145019,0.107754215385582,0.10460317708272,0.000555171905314862,0.0006942997959384581,,8.699999809265137,,104.5,1147,CFAMS103015,,,,,,,,,,,,,1317.8,539.37,1317.8,1,-39.98699951171875,,,0.00859446,,
10/23/2015 00:00:00,snics,CFAMS103015,196443,76211,Glycine DOC blank,145020,0.109959022604969,0.106815438262109,0.0005285140047489811,0.000687863258262557,9.858425140380859,9.569999694824221,9.858425140380859,115,1156,CFAMS103015,,,,,,,,,,,,,1350,539.37,1350,1,-39.15999984741211,,,0.01261167,93.89,
3/9/2016 00:00:00,snics,USAMS031116,200792,53212,OXII Jar 5 DOC std,148417,1.27993430952173,1.28015800019115,0.00179973266877875,0.00252943756803493,55.50556564331055,53.02000045776367,55.50556564331055,637,1336,USAMS031116,,,,,,,,,,,,,1385,521.03,1385,1,,13C tube all air...no result.,3.36,0.064081965,104.04,
3/16/2016 00:00:00,snics,CFAMS031916,201049,76211,Glycine DOC blank,148630,0.0296513622616066,0.0258154858736638,0.000328285163459458,0.000311212835437464,22.14669036865234,21.79000091552734,22.14669036865234,261.8,1345,CFAMS031916,,,,,,,,,,,,,1390,521.03,1390,1,-42.00400161743164,,1.13,0.02427558,109.58,
4/20/2016 00:00:00,snics,CFAMS042316,202165,76211,Glycine DOC blank,149549,0.0396434820303126,0.0353150493212689,0.00028456648576365,0.000355576802605095,48.94041061401367,46.9900016784668,48.94041061401367,564.6,1366,CFAMS042316,,,,,,,,,,,,,1385,521.03,1385,1,-41.80699920654297,,2.645,0.0569733,103.18,
5/18/2016 00:00:00,snics,USAMS060116,203414,53212,OXII Jar 5 DOC std,150404,1.29259758813628,1.2930316496032,0.00180349061248482,0.0026255994184933,41.06762313842773,36.59999847412109,41.06762313842773,439.7,1385,USAMS060116,,,,,,,,,,,,,1385,521.03,1385,1,-18.31699943542481,,2.51,0.04782805,103.13,
6/2/2016 00:00:00,snics,CFAMS061016,203683,74558,NOSAMS-Q1 DOC blank,150833,0.206573370639773,0.204970703531944,0.036402411274855,0.00177420151038723,0.9331706166267396,0.59,0.9331706166267396,7.1,1386,CFAMS061016,,,,,,,,,,,,,1385,521.03,1385,1,,,,,,
6/2/2016 00:00:00,snics,CFAMS061016,203681,74558,NOSAMS-Q1 DOC blank,150831,0.51588165692131,0.514873927852107,0.00319271212439507,0.00288859154303722,1.36387825012207,1.36,1.36387825012207,16.3,1365,CFAMS061016,,,,,,,,,,,,,1395,521.03,1395,1,,,,,,
6/2/2016 00:00:00,snics,CFAMS061016,203682,74558,NOSAMS-Q1 DOC blank,150832,0.601519565553522,0.600676556447066,0.00283597394743921,0.00364463100532475,0.8866144418716431,0.89,0.8866144418716431,10.7,1346,CFAMS061016,,,,,,,,,,,,,1380,521.03,1380,1,,,,,,
6/10/2016 00:00:00,snics,CFAMS070116,204610,74558,NOSAMS-Q1 DOC blank,151062,0.583649824412628,0.582772443809459,0.00451641066681439,0.00341994797453761,0.8881067633628845,0.89,0.8881067633628845,10.7,1355,CFAMS070116,,,,,,,,,,,,,1380,521.03,1380,1,,,,,,
6/10/2016 00:00:00,snics,CFAMS070116,204612,74558,NOSAMS-Q1 DOC blank,151064,0.802551577472857,0.802095242749781,0.00237757385150014,0.00464437055854692,0.759955108165741,0.76,0.759955108165741,9.1,1384,CFAMS070116,,,,,,,,,,,,,1390,521.03,1390,1,,,,,,
6/10/2016 00:00:00,snics,CFAMS070116,204611,74558,NOSAMS-Q1 DOC blank,151063,0.546609939101311,0.5456613142486491,0.00386786583435864,0.00391723966527256,0.7924188375473023,0.79,0.7924188375473023,9.5,1374,CFAMS070116,,,,,,,,,,,,,1390,521.03,1390,1,,,,,,
6/28/2016 00:00:00,snics,CFAMS070716,204783,76211,Glycine DOC blank,151570,0.0198730610294516,0.0169083140091866,0.000424445413443786,0.000264007732704542,43.93597412109375,44.79999923706055,43.93597412109375,538.3,1387,CFAMS070716,,,,,,,,,,,,,1390,521.03,1390,1,-42.29800033569336,,2.44,0.05249298,100.53,
7/27/2016 00:00:00,snics,CFAMS080816,205879,53212,OXII Jar 5 DOC std,152389,1.27337783874613,1.27481300346446,0.00258009262270056,0.00295343567335746,29.92472839355469,28.13999938964844,29.92472839355469,338.1,1407,CFAMS080816,,,,,,,,,,,,,1380,521.03,1380,1,-18.54299926757813,,1.79,0.034203725,105.08,
8/18/2016 00:00:00,snics,CFAMS090416,206784,76211,Glycine DOC blank,153059,0.0126853320129789,0.00789185779487043,0.000236009640046399,0.000198798174568905,40.0385627746582,40.40000152587891,40.0385627746582,485.4,1408,CFAMS090416,,,,,,,,,,,,,1385,521.03,1385,1,-42.24700164794922,,2.25,0.0481419,99.89,
8/26/2016 00:00:00,snics,CFAMS090416,206804,76211,Glycine DOC blank,153233,0.0138875794362734,0.00909971602502708,0.000361817298429057,0.000214812346690004,36.62738418579102,35.22999954223633,36.62738418579102,423.3,1422,CFAMS090416,,,,,,,,,,,,,1388,521.19,1388,1,,"13C rejected, too small.  Too much ref?",,0.04299384,102.32,
9/22/2016 00:00:00,snics,CFAMS092716,207375,53212,OXII Jar 5 DOC std,153864,1.28709664501893,1.28788012317426,0.00153175279360799,0.00264284395382076,46.19955444335938,44.31000137329102,46.19955444335938,532.4,1432,CFAMS092716,,,,,,,,,,,,,1386,521.19,1386,1,-18.01300048828125,,2.82,0.053716045,103.3,
10/12/2016 00:00:00,snics,CFAMS101916,207997,76211,Glycine DOC blank,154383,0.0154120199913813,0.0117591720982839,0.000228480194284289,0.00019385177438363,54.64774703979492,54.79999923706055,54.64774703979492,658.4,1442,CFAMS101916,,,,,,,,,,,,,1386,521.19,1386,1,-42.63600158691406,,3.07,0.0661278,99.26,
10/12/2016 00:00:00,snics,CFAMS101916,207996,53212,OXII Jar 5 DOC std,154384,1.29095606508411,1.29185165827837,0.00247688509285725,0.00249062333028263,33.49678421020508,33.70000076293945,33.49678421020508,404.9,1443,CFAMS101916,,,,,,,,,,,,,1388,521.19,1388,1,-18.13699913024902,,2.04,0.03891031,103.4,
11/16/2016 00:00:00,snics,CFAMS112216,209021,76211,Glycine DOC blank,155277,0.0576645489327568,0.0531247594290244,0.000417068920157175,0.000536780756932465,76.40502166748047,74.19999694824219,76.40502166748047,891.5,1474,CFAMS112216,,,,,,,,,,,,,1380.96,521.19,529.18,107.6058807373047,-41.79299926757813,second standard for wheel,,0.2145384,42.78,
11/21/2016 00:00:00,snics,USAMS112916,209118,76211,Glycine DOC blank,155392,0.0537770016789417,0.0513184326061037,0.000618847679828803,0.00048674271172949,42.84247589111328,43,42.84247589111328,516.6,1462,USAMS112916,,,,,,,,,,,,,1361.69,521.19,525.1948,209.8719940185547,-41.06600189208984,,,0,0,
12/8/2016 00:00:00,snics,CFAMS121316,209591,53212,OXII Jar 5 DOC std,155815,1.27668019750358,1.27746521994235,0.00182793913392791,0.00262599857873881,36.88949203491211,36.7400016784668,36.88949203491211,441.4,1491,CFAMS121316,,,,,,,,,,,,,1395,520.66,1395,1,-18.34900093078613,,2.25,0.04287375,103.35,
12/9/2016 00:00:00,snics,CFAMS121316,209593,76211,Glycine DOC blank,155814,0.0175042046040092,0.0141163100189041,0.000134032109015006,0.000181096013213731,33.39252853393555,32.7400016784668,33.39252853393555,393.4,1490,CFAMS121316,,,,,,,,,,,,,1390,520.66,1390,1,-42.21799850463867,,1.76,0.03788886,105.86,
12/21/2016 00:00:00,snics,CFAMS010517,210150,76211,Glycine DOC blank,156104,0.0140586048438398,0.01100444767418,0.000123729346771721,0.000185931378142878,67.97188568115234,64.01999664306641,67.97188568115234,769.2,1492,CFAMS010517,,,,,,,,,,,,,1385,520.66,1385,1,-42.58200073242188,,3.74,0.0805596,101.34,
2/2/2017 00:00:00,snics,CFAMS020817,211414,53212,OXII Jar 5 DOC std,157253,1.27062921465417,1.27139493150366,0.00263748293659879,0.00259228937390343,40.56480407714844,38.93999862670898,40.56480407714844,467.9,1518,CFAMS020817,,,,,,,,,,,,,1395,520.66,1395,1,-18.40999984741211,,2.42,0.04603688,105.83,
2/3/2017 00:00:00,snics,CFAMS020817,211415,76211,Glycine DOC blank,157250,0.0188745946961501,0.015487935922994,0.000354018085895535,0.000206459327646359,45.18243026733398,43.5099983215332,45.18243026733398,522.8,1510,CFAMS020817,,,,,,,,,,,,,1385,520.66,1385,1,-42.29800033569336,,2.45,0.05275146,102.88,
3/7/2017 08:05:57:467,snics,CFAMS040617,213410,74558,NOSAMS-Q1 DOC blank,158771,0.243345931194499,0.241813994151211,0.00157024680636204,0.00176567673568007,2.7557635307312,2.76,0.7916199564933777,33.2,1531,CFAMS040617,,,,,,,,,,,,,1385,520.66,1385,1,,,,,,
3/31/2017 00:00:00,snics,CFAMS040617,213431,74558,NOSAMS-Q1 DOC blank,158770,0.710684210324932,0.710051173606957,0.00200972731513299,0.0044698647914281,0.7916199564933777,0.79,0.7916199564933777,9.5,1530,CFAMS040617,,,,,,,,,,,,,1385,520.66,1385,1,,,,,,
5/19/2017 00:00:00,snics,CFAMS053017,214979,53212,OXII Jar 5 DOC std,160171,1.3262421835791,1.32715145630023,0.00224358923061949,0.00258555553287388,74.69184875488281,70.18000030517578,74.69184875488281,843.2,1545,CFAMS053017,,,,,,,,,,,,,1405,520.66,1405,1,-17.6560001373291,,4.7,0.0895585,100.17,
7/13/2017 00:00:00,snics,CFAMS071717,216406,76211,Glycine DOC blank,161366,0.0273269735168924,0.0239940951661023,0.000165242671902043,0.000238802689407976,36.06249618530273,35.04000091552734,36.06249618530273,421,1572,CFAMS071717,,,,,,,,,,,,,1395,520.66,1395,1,-42.44699859619141,,1.95,0.04195992,103.23,
10/18/2017 00:00:00,snics,USAMS102417,219779,53212,OXII Jar 5 DOC std,164250,1.33257026636705,1.33371086582282,0.00192665735934805,0.00292089258521786,76.82878875732422,67.40000152587891,76.82878875732422,809.8,1618,USAMS102417,,,,,,,,,,,,,1365,538.85,1365,1,-17.58200073242188,,4.85,0.09241675,99.85,
10/23/2017 00:00:00,snics,USAMS102717,219870,76211,Glycine DOC blank,164322,0.0245543401781141,0.0211562036678341,0.000267550928014438,0.000271189828633379,35.42885208129883,34.29000091552734,35.42885208129883,412,1610,USAMS102717,,,,,,,,,,,,,1385,538.85,1385,1,-41.51800155639648,,1.86,0.04015056,105.99,
11/21/2017 00:00:00,snics,CFAMS112817,220957,76211,Glycine DOC blank,165181,0.0174800642655048,0.0123793028132286,0.000439456680143246,0.000317269534981897,54.9489860534668,51.56999969482422,54.9489860534668,619.6,1625,CFAMS112817,,,,,,,,,,,,,1365,539,1365,1,-42.59700012207031,,3.12,0.0673125,98.05,
12/6/2017 00:00:00,snics,CFAMS121317,221470,53212,OXII Jar 5 DOC std,165657,1.30500809337736,1.3061422471909,0.00312852163320138,0.00255281478575655,41.75651550292969,42.29999923706055,41.75651550292969,508.2,1639,CFAMS121317,,,,,,,,,,,,,1362,539,1362,1,-17.80699920654297,,2.55,0.04859025,103.22,
1/8/2018 00:00:00,snics,CFAMS011218,222252,76211,Glycine DOC blank,166375,0.0211004164342305,0.0175473508939765,0.000218762505692716,0.000233802934545319,50.40560531616211,47.93000030517578,50.40560531616211,575.9,1649,CFAMS011218,,,,,,,,,,,,,1365,539,1365,1,-42.06800079345703,,2.98,0.06431844,94.13,
1/17/2018 00:00:00,snics,USAMS012918,222885,53212,OXII Jar 5 DOC std,166885,1.31417772442745,1.31486416597495,0.002773876725381,0.00267591765306645,69.88925933837891,65.55999755859375,69.88925933837891,787.7,1659,USAMS012918,,,,,,,,,,,,,1365,539,1365,1,-17.92000007629395,,4.64,0.088434255,94.92,
2/1/2018 00:00:00,snics,USAMS021318,223459,76211,Glycine DOC blank,167374,0.0189416623629578,0.0169528506442265,0.000408941661556496,0.000261108391761536,39.4620475769043,37.65999984741211,39.4620475769043,452.5,1670,USAMS021318,,,,,,,,,,,,,1360,539,1360,1,-43.08599853515625,,2.08,0.04493244,105.49,
2/23/2018 00:00:00,snics,CFAMS030718,224389,53212,OXII Jar 5 DOC std,167900,1.31401443617689,1.31536052110884,0.00150587607354473,0.00251274474098477,57.81057739257813,51.59999847412109,57.81057739257813,620,1683,CFAMS030718,,,,,,,,,,,,,1366,539.2,1366,1,-18.08699989318848,,3.64,0.06943642,100,
3/8/2018 15:07:28:413,snics,CFAMS032018,224708,34148,Oxalic Acid I granules (SRM 4990 B HOxI),168309,0.997555551598709,0.997436147243729,0.00127634658470625,0.00201159668931187,34.06158447265625,,34.06158447265625,,1691,CFAMS032018,,,,,,,,,,,,,1369.44,539.2,1369.44,1,-19.84300041198731,,,0.039882115,102.58,
3/9/2018 15:09:14:003,snics,CFAMS032018,224706,50104,IAEA C-7 Oxalic Acid No. 88,168310,0.486725914323764,0.485162644901259,0.00138370146424021,0.00147341244751968,33.94652557373047,,33.94652557373047,,1692,CFAMS032018,,,,,,,,,,,,,1367.88,539.2,1367.88,1,-15.17399978637695,,,0.039805895,102.43,
3/12/2018 15:11:02:617,snics,CFAMS032018,224707,50104,IAEA C-7 Oxalic Acid No. 88,168311,0.476696526174066,0.475104908585869,0.000995324802376678,0.00114498392610904,33.15304183959961,,33.15304183959961,,1693,CFAMS032018,,,,,,,,,,,,,1367.73,539.2,1367.73,1,-15.54399967193604,,,0.03978684,100.08,
3/14/2018 15:12:37:113,snics,CFAMS032018,224705,50104,IAEA C-7 Oxalic Acid No. 88,168312,0.490791828560923,0.489240051485584,0.00121225066848842,0.00117253009807145,34.47986602783203,,34.47986602783203,,1694,CFAMS032018,,,,,,,,,,,,,1381.51,539.2,1381.51,1,-15.04699993133545,,,0.040453765,102.37,
3/16/2018 00:00:00,snics,CFAMS032018,224710,34148,Oxalic Acid I granules (SRM 4990 B HOxI),168307,0.987501476297698,0.987353653998546,0.00182718508043448,0.00188963759839553,35.51596832275391,33.58000183105469,35.51596832275391,403.5,1689,CFAMS032018,,,,,,,,,,,,,1369.29,539.2,1369.29,1,-20.26099967956543,,,0.03986306,107.01,
3/16/2018 00:00:00,snics,CFAMS032018,224709,34148,Oxalic Acid I granules (SRM 4990 B HOxI),168308,1.00014598689329,1.00003390442952,0.000968434686912469,0.00191390095318905,35.34976959228516,34.22999954223633,35.34976959228516,411.3,1690,CFAMS032018,,,,,,,,,,,,,1366.21,539.2,1366.21,1,-19.86100006103516,,,0.039729675,106.87,
3/29/2018 00:00:00,snics,CFAMS041018,225503,50105,IAEA C-8 Oxalic Acid No. 87,168731,0.160382571453602,0.157578079228426,0.00057535412169634,0.000614780635638598,33.90160751342773,32.06999969482422,33.90160751342773,385.3,1696,CFAMS041018,,,,,,,,,,,,,1364.25,539.2,1364.25,1,-19.07799911499023,,,0.0396344,102.74,
3/29/2018 00:00:00,snics,CFAMS041018,225505,50105,IAEA C-8 Oxalic Acid No. 87,168732,0.160913095585199,0.158110295219605,0.00023356570312284,0.0006378848038611871,34.19083404541016,32.06000137329102,34.19083404541016,385.2,1697,CFAMS041018,,,,,,,,,,,,,1378.74,539.2,1378.74,1,-18.87700080871582,,,0.04032038,101.85,
3/29/2018 00:00:00,snics,CFAMS041018,225504,50105,IAEA C-8 Oxalic Acid No. 87,168733,0.17411121231206,0.171350501191624,0.000739486650718322,0.000590614669626928,33.76812362670898,31.29999923706055,33.76812362670898,376.1,1698,CFAMS041018,,,,,,,,,,,,,1381.01,539.2,1381.01,1,-18.92600059509277,,,0.04043471,100.31,
4/2/2018 00:00:00,snics,CFAMS040418,225336,50104,IAEA C-7 Oxalic Acid No. 88,168813,0.504487158853966,0.501767138992275,0.00110301903901156,0.00112980023852151,35.25089645385742,32.95000076293945,35.25089645385742,395.9,1700,CFAMS040418,,,,,,,,,,,,,1380.07,539.2,1380.07,1,-15.44600009918213,,,0.0403966,104.81,
7/23/2018 00:00:00,snics,CFAMS072918,229182,53212,OXII Jar 5 DOC std,172149,1.28881779135612,1.28967109675232,0.0022037423360819,0.00234875970036653,44.61904907226563,43.70000076293945,60.71725463867188,525.1,1753,CFAMS072918,,,,,,,,,,,,,1485,617.73,1485,1,,,2.65,0.0506863,105.73,
8/24/2018 00:00:00,snics,CFAMS083118,230456,76211,Glycine DOC blank,173062,0.0484279834440323,0.0441375679078697,0.000337481705128392,0.000355912393061207,30.44667053222656,29.04000091552734,30.44667053222656,348.9,1769,CFAMS083118,,,,,,,,,,,,,1490,618,1490,1,-43.77899932861328,,1.591,0.03427014,106.71,
9/10/2018 00:00:00,snics,CFAMS091218,230902,50104,IAEA C-7 Oxalic Acid No. 88,173417,0.477626783752551,0.476004818327718,0.00145921443991516,0.00161938444226952,,6.889999866485596,,82.8,1775,CFAMS091218,,,,,,,,,,,,,,,,,-18.23299980163574,0.0609 mg C,0.0609,0.0060976,,
